<?xml version="1.0" encoding="UTF-8"?>
<classes map-background="#070707" map-overlay-gps-inner="#60ffff00" map-overlay-gps-outer="#ffff00" map-overlay-inner="#ffffff" map-overlay-outer="#111111">
    <class id="sea">
        <area fill="#4a290e"/>
    </class>
    <class id="lu-military">
        <area src="military.png" stroke="#1b1b1b" stroke-width="0.2"/>
    </class>
    <class id="lu-resifarm">
        <area fill="#1b1b1b"/>
    </class>
    <class id="lu-retail">
        <area fill="#001414" stroke="#1b1b1b" stroke-width="0.2"/>
    </class>
    <class id="lu-ibr">
        <area fill="#132700" stroke="#1b1b1b" stroke-width="0.2"/>
    </class>
    <class id="lu-comm">
        <area fill="#00003f" stroke="#1b1b1b" stroke-width="0.2"/>
    </class>
    <class id="lu-constr">
        <area fill="#5b83be" stroke="#1b1b1b" stroke-width="0.2"/>
    </class>
    <class id="lu-garages">
        <area fill="#29291b"/>
    </class>
    <class id="tunnel-foot" zoom-min="14">
        <line stroke="#8f8f8f" stroke-dasharray="5,5" stroke-linecap="butt" stroke-width="0.6"/>
    </class>
    <class id="tunnel-track" zoom-min="14">
        <line stroke="#8f8f8f" stroke-dasharray="5,5" stroke-linecap="butt" stroke-width="1.0"/>
    </class>
    <class id="tunnel-cycle" zoom-min="14">
        <line stroke="#8f8f8f" stroke-dasharray="5,5" stroke-linecap="butt" stroke-width="1.0"/>
    </class>
    <class id="tunnel-constr">
        <line stroke="#8f8f8f" stroke-dasharray="5,5" stroke-linecap="butt" stroke-width="1.1"/>
    </class>
    <class id="tunnel-road">
        <line stroke="#8f8f8f" stroke-dasharray="5,5" stroke-linecap="butt" stroke-width="1.3"/>
    </class>
    <class id="tunnel-resi" zoom-min="14">
        <line stroke="#8f8f8f" stroke-dasharray="5,5" stroke-linecap="butt" stroke-width="1.5"/>
    </class>
    <class id="tunnel-big">
        <line stroke="#8f8f8f" stroke-dasharray="5,5" stroke-linecap="butt" stroke-width="1.8"/>
    </class>
    <class id="tunnel-motor">
        <line stroke="#8f8f8f" stroke-dasharray="5,5" stroke-linecap="butt" stroke-width="2.0"/>
    </class>
    <class id="tunnel-foot" zoom-min="14">
        <line stroke="#000000" stroke-dasharray="5,5" stroke-linecap="butt" stroke-width="0.45"/>
    </class>
    <class id="tunnel-track">
        <line stroke="#000000" stroke-dasharray="5,5" stroke-linecap="butt" stroke-width="0.7"/>
    </class>
    <class id="tunnel-cycle" zoom-min="14">
        <line stroke="#000000" stroke-dasharray="5,5" stroke-linecap="butt" stroke-width="0.85"/>
    </class>
    <class id="tunnel-constr">
        <line stroke="#000000" stroke-dasharray="5,5" stroke-linecap="butt" stroke-width="1.0"/>
    </class>
    <class id="tunnel-road">
        <line stroke="#000000" stroke-dasharray="5,5" stroke-linecap="butt" stroke-width="1.25"/>
    </class>
    <class id="tunnel-resi" zoom-min="14">
        <line stroke="#000000" stroke-dasharray="5,5" stroke-linecap="butt" stroke-width="1.35"/>
    </class>
    <class id="tunnel-big">
        <line stroke="#000000" stroke-dasharray="5,5" stroke-linecap="butt" stroke-width="1.5"/>
    </class>
    <class id="tunnel-motor">
        <line stroke="#000000" stroke-dasharray="5,5" stroke-linecap="butt" stroke-width="1.7"/>
    </class>
    <class id="24">
        <line stroke="#88f0f0b3" stroke-dasharray="4,4" stroke-linecap="butt" stroke-width="0.25"/>
    </class>
    <class id="25">
        <line stroke="#aacccccc" stroke-dasharray="4,4" stroke-linecap="butt" stroke-width="0.4"/>
    </class>
    <class id="lu-landfill">
        <area fill="#16228d" stroke="#aa94d0" stroke-width="0.2"/>
    </class>
    <class id="lu-cemetery">
        <area src="cemetery.png" stroke="#1b1b1b" stroke-width="0.2"/>
    </class>
    <class id="lu-field">
        <area fill="#14000d" stroke="#61198c" stroke-width="0.1"/>
    </class>
    <class id="lu-allotments">
        <area fill="#421c34" stroke="#903ec2" stroke-width="0.2"/>
    </class>
    <class id="lu-reservoir">
        <area fill="#4a290e"/>
    </class>
    <class id="le-park">
        <area fill="#380e5c" stroke="#903e71" stroke-width="0.2"/>
    </class>
    <class id="forest-c">
        <area src="wood-coniferous.png"/>
    </class>
    <class id="forest-d">
        <area src="wood-deciduous.png"/>
    </class>
    <class id="forest-m">
        <area src="wood-mixed.png"/>
    </class>
    <class id="forest-o">
        <area fill="#903e71" stroke="#903e71" stroke-width="0.2"/>
    </class>
    <class id="37">
        <area fill="#325421" stroke="#16228d" stroke-width="0.2"/>
    </class>
    <class id="38">
        <area src="cemetery.png" stroke="#1b1b1b" stroke-width="0.2"/>
    </class>
    <class id="39">
        <area fill="#00003f" stroke="#16228d" stroke-width="0.2"/>
    </class>
    <class id="40" zoom-min="15">
        <area src="access-private.png"/>
    </class>
    <class id="42">
        <area fill="#4a290e" stroke="#ffff7f" stroke-width="0.15"/>
    </class>
    <class id="to-zoo">
        <area fill="#380e5c" stroke="#903e71" stroke-width="0.2"/>
    </class>
    <class id="coastline">
        <line stroke="#8f7a66" stroke-width="2.0"/>
    </class>
    <class id="na-glacier">
        <area fill="#050500" stroke="#522719" stroke-width="0.8"/>
    </class>
    <class id="na-land">
        <area fill="#070707" stroke="#1f1f1f" stroke-width="0.1"/>
    </class>
    <class id="na-beach">
        <area fill="#1133aa"/>
    </class>
    <class id="na-heath">
        <area fill="#00003f" stroke="#00006f" stroke-width="0.2"/>
    </class>
    <class id="na-wet">
        <area src="marsh.png"/>
    </class>
    <class id="le-play-more">
        <area fill="#380e5c" stroke="#903e71" stroke-width="0.2"/>
    </class>
    <class id="le-nature">
        <area src="nature-reserve.png" stroke="#903e71" stroke-width="0.2"/>
    </class>
    <class id="le-stadium">
        <area fill="#421c34" stroke="#903e71" stroke-width="0.2"/>
    </class>
    <class id="le-track-area">
        <area fill="#421c34" stroke="#903e71" stroke-width="0.025"/>
    </class>
    <class id="le-track-noarea">
        <line stroke="#903e71" stroke-width="0.75"/>
        <line stroke="#421c34" stroke-width="0.7"/>
    </class>
    <class id="le-swimming">
        <area fill="#4a290e" stroke="#9f9f00" stroke-width="0.2"/>
    </class>
    <class id="ww-1">
        <line stroke="#4f4f4f" stroke-width="1.0"/>
    </class>
    <class id="ww-2">
        <line stroke="#4f4f4f" stroke-width="1.0"/>
    </class>
    <class id="ww-3">
        <line stroke="#4a290e" stroke-width="0.1"/>
    </class>
    <class id="ww-4">
        <line stroke="#4a290e" stroke-width="0.8"/>
    </class>
    <class id="ww-5">
        <line stroke="#4a290e" stroke-width="0.8"/>
    </class>
    <class id="ww-6">
        <line stroke="#4a290e" stroke-width="0.275"/>
    </class>
    <class id="ww-7">
        <line stroke="#4a290e" stroke-width="1.0"/>
    </class>
    <class id="ww-8">
        <area fill="#4a290e"/>
    </class>
    <class id="ww-9">
        <area fill="#4a290e"/>
    </class>
    <class id="ww-10">
        <line stroke="#ffffbb" stroke-width="0.375"/>
    </class>
    <class id="ww-11">
        <line stroke="#ffffff" stroke-width="0.5"/>
    </class>
    <class id="ww-12">
        <line stroke="#ffffff" stroke-linecap="butt" stroke-width="2.0"/>
    </class>
    <class id="ww-13">
        <line stroke="#070707" stroke-linecap="butt" stroke-width="1.5"/>
    </class>
    <class id="military">
        <area src="military.png" stroke="#1b1b1b" stroke-width="0.2"/>
    </class>
    <class id="sp-2">
        <area fill="#4a290e" stroke="#9f9f00" stroke-width="0.2"/>
    </class>
    <class id="sp-3">
        <area fill="#2e7595" stroke="#4c93b3" stroke-width="0.2"/>
    </class>
    <class id="to-attr">
        <area fill="#0d3515"/>
    </class>
    <class id="na-water">
        <area fill="#4a290e"/>
    </class>
    <class id="88">
        <area fill="#1a1f3d" stroke="#8f8f8f" stroke-width="0.15"/>
    </class>
    <class id="89">
        <area fill="#1a1f3d" stroke="#8f8f8f" stroke-width="0.15"/>
    </class>
    <class id="90">
        <area fill="#2f2f2f" stroke="#2f2f2f" stroke-width="0.45"/>
    </class>
    <class id="91" zoom-min="14">
        <area fill="#000000" stroke="#8f8f8f" stroke-width="0.15"/>
    </class>
    <class id="92">
        <area fill="#000000" stroke="#8f8f8f" stroke-width="0.3"/>
    </class>
    <class id="93" zoom-min="14">
        <area fill="#000000" stroke="#8f8f8f" stroke-width="0.15"/>
    </class>
    <class id="94">
        <area fill="#2f2f2f"/>
    </class>
    <class id="95">
        <area fill="#000000" stroke="#000000" stroke-width="0.15"/>
    </class>
    <class id="96">
        <area fill="#646486"/>
    </class>
    <class id="97">
        <line stroke="#646486" stroke-width="0.3"/>
    </class>
    <class id="98">
        <area fill="#272331" stroke="#ffffff" stroke-width="0.5"/>
    </class>
    <class id="99">
        <area fill="#0f0f0f"/>
    </class>
    <class id="100">
        <area fill="#0c2949" stroke="#95a571" stroke-width="0.2"/>
    </class>
    <class id="101">
        <line stroke="#ffffff" stroke-linecap="square" stroke-width="6.3"/>
    </class>
    <class id="102">
        <line stroke="#ffffff" stroke-linecap="butt" stroke-width="2.7"/>
    </class>
    <class id="104" zoom-min="14">
        <circle fill="#8f8f8f" r="1.5" scale-radius="true"/>
    </class>
    <class id="129" zoom-min="14">
        <line stroke="#8f8f8f" stroke-width="0.6"/>
    </class>
    <classgroup>
	<class id="131" zoom-min="14"/>
	<class id="133" zoom-min="14"/>
        <line stroke="#8f8f8f" stroke-dasharray="2,2" stroke-linecap="butt" stroke-width="0.6"/>
    </classgroup>
    <class id="135">
        <line stroke="#286cce" stroke-width="1.0"/>
    </class>
    <class id="137">
        <line stroke="#286cce" stroke-dasharray="18,9" stroke-linecap="butt" stroke-width="1.0"/>
    </class>
    <class id="139">
        <line stroke="#286cce" stroke-dasharray="10,13" stroke-linecap="butt" stroke-width="1.0"/>
    </class>
    <class id="141">
        <line stroke="#286cce" stroke-dasharray="5,10,3,10" stroke-linecap="butt" stroke-width="1.0"/>
    </class>
    <class id="143">
        <line stroke="#286cce" stroke-dasharray="3,10" stroke-linecap="butt" stroke-width="1.0"/>
    </class>
    <class id="145">
        <line stroke="#286cce" stroke-dasharray="18,2" stroke-linecap="butt" stroke-width="1.0"/>
    </class>
    <classgroup>
	<class id="147" zoom-min="14"/>
	<class id="149" zoom-min="14"/>
	<class id="151" zoom-min="14"/>
        <line stroke="#8f8f8f" stroke-width="1.0"/>
    </classgroup>
    <class id="161">
        <line stroke="#8f8f8f" stroke-dasharray="7,2" stroke-linecap="butt" stroke-width="1.5"/>
    </class>
    <classgroup>
	<class id="157" zoom-min="14"/>
	<class id="159" zoom-min="14"/>
        <line stroke="#8f8f8f" stroke-width="1.5"/>
    </classgroup>
    <classgroup>
	<class id="163" zoom-min="14"/>
	<class id="165" zoom-min="14"/>
	<class id="167" zoom-min="14"/>
	<class id="169" zoom-min="14"/>
	<class id="171" zoom-min="14"/>
	<class id="173" zoom-min="14"/>
	<class id="175" zoom-min="14"/>
	<class id="177" zoom-min="14"/>
        <line stroke="#8f8f8f" stroke-linecap="butt" stroke-width="1.8"/>
    </classgroup>
    <class id="179">
        <line stroke="#8f8f8f" stroke-linecap="butt" stroke-width="2.0"/>
    </class>
    <classgroup>
	<class id="129b" zoom-min="14"/>
	<class id="131b" zoom-min="14"/>
	<class id="133b" zoom-min="14"/>
        <line stroke="#ffffff" stroke-linecap="butt" stroke-width="0.7"/>
    </classgroup>
    <classgroup>
	<class id="135b" zoom-min="14"/>
	<class id="137b" zoom-min="14"/>
	<class id="139b" zoom-min="14"/>
	<class id="141b" zoom-min="14"/>
	<class id="143b" zoom-min="14"/>
	<class id="145b" zoom-min="14"/>
	<class id="147b" zoom-min="14"/>
	<class id="149b" zoom-min="14"/>
	<class id="151b" zoom-min="14"/>
        <line stroke="#ffffff" stroke-linecap="butt" stroke-width="1.1"/>
    </classgroup>
    <class id="153b">
        <line stroke="#ffffff" stroke-dasharray="28,18" stroke-linecap="butt" stroke-width="1.2"/>
    </class>
    <class id="155b" zoom-min="14">
        <line stroke="#ffffff" stroke-linecap="butt" stroke-width="1.4"/>
    </class>
    <classgroup>
	<class id="157b" zoom-min="14"/>
	<class id="159b" zoom-min="14"/>
	<class id="161b" zoom-min="14"/>
        <line stroke="#ffffff" stroke-linecap="butt" stroke-width="1.6"/>
    </classgroup>
    <classgroup>
	<class id="163b"/>
	<class id="165b"/>
	<class id="167b"/>
	<class id="169b"/>
	<class id="171b"/>
	<class id="173b"/>
	<class id="175b"/>
	<class id="177b"/>
        <line stroke="#ffffff" stroke-linecap="butt" stroke-width="1.9"/>
    </classgroup>
    <class id="179b">
        <line stroke="#ffffff" stroke-linecap="butt" stroke-width="2.1"/>
    </class>
    <class id="125" zoom-min="15">
        <area fill="#0c2949" stroke="#95a571" stroke-width="0.2"/>
    </class>
    <classgroup>
        <class id="129" zoom-min="14"/>
        <class id="129b" zoom-min="14"/>
        <line stroke="#1a1f3d" stroke-dasharray="3,1" stroke-linecap="butt" stroke-width="0.45"/>
    </classgroup>
    <classgroup>
        <class id="129" zoom-min="15"/>
        <class id="129b" zoom-min="15"/>
        <pathText fill="#ffffff" font-size="10" font-style="bold" k="name" stroke="#1a1f3d" stroke-width="2.0"/>
    </classgroup>
    <classgroup>
        <class id="131" zoom-min="14"/>
        <class id="131b" zoom-min="14"/>
        <line stroke="#1a1f3d" stroke-width="0.45"/>
    </classgroup>
    <classgroup>
        <class id="131" zoom-min="15"/>
        <class id="131b" zoom-min="15"/>
        <pathText fill="#ffffff" font-size="10" font-style="bold" k="name" stroke="#1a1f3d" stroke-width="2.0"/>
    </classgroup>
    <classgroup>
        <class id="133" zoom-min="14"/>
        <class id="133b" zoom-min="14"/>
        <line stroke="#2f2f2f" stroke-width="0.45"/>
    </classgroup>
    <classgroup>
        <class id="133" zoom-min="15"/>
        <class id="133b" zoom-min="15"/>
        <pathText fill="#ffffff" font-size="10" font-style="bold" k="name" stroke="#2f2f2f" stroke-width="2.0"/>
    </classgroup>
    <classgroup>
        <class id="135" zoom-min="12"/>
        <class id="135b" zoom-min="12"/>
        <line stroke="#00050d" stroke-width="0.75"/>
    </classgroup>
    <classgroup>
        <class id="135" zoom-min="15"/>
        <class id="135b" zoom-min="15"/>
        <pathText fill="#ffffff" font-size="10" font-style="bold" k="name" stroke="#00050d" stroke-width="2.0"/>
    </classgroup>
    <classgroup>
        <class id="137" zoom-min="12"/>
        <class id="137b" zoom-min="12"/>
        <line stroke="#000d21" stroke-width="0.75"/>
    </classgroup>
    <classgroup>
        <class id="137" zoom-min="15"/>
        <class id="137b" zoom-min="15"/>
        <pathText fill="#ffffff" font-size="10" font-style="bold" k="name" stroke="#000d21" stroke-width="2.0"/>
    </classgroup>
    <classgroup>
        <class id="139" zoom-min="12"/>
        <class id="139b" zoom-min="12"/>
        <line stroke="#000d21" stroke-width="0.7"/>
    </classgroup>
    <classgroup>
        <class id="139" zoom-min="15"/>
        <class id="139b" zoom-min="15"/>
        <pathText fill="#ffffff" font-size="10" font-style="bold" k="name" stroke="#000d21" stroke-width="2.0"/>
    </classgroup>
    <classgroup>
        <class id="141" zoom-min="12"/>
        <class id="141b" zoom-min="12"/>
        <line stroke="#000d21" stroke-width="0.7"/>
    </classgroup>
    <classgroup>
        <class id="141" zoom-min="15"/>
        <class id="141b" zoom-min="15"/>
        <pathText fill="#ffffff" font-size="10" font-style="bold" k="name" stroke="#000d21" stroke-width="2.0"/>
    </classgroup>
    <classgroup>
        <class id="143" zoom-min="12"/>
        <class id="143b" zoom-min="12"/>
        <line stroke="#000d21" stroke-width="0.7"/>
    </classgroup>
    <classgroup>
        <class id="143" zoom-min="15"/>
        <class id="143b" zoom-min="15"/>
        <pathText fill="#ffffff" font-size="10" font-style="bold" k="name" stroke="#000d21" stroke-width="2.0"/>
    </classgroup>
    <classgroup>
        <class id="145" zoom-min="12"/>
        <class id="145b" zoom-min="12"/>
        <line stroke="#000d21" stroke-width="0.75"/>
    </classgroup>
    <classgroup>
        <class id="145" zoom-min="15"/>
        <class id="145b" zoom-min="15"/>
        <pathText fill="#ffffff" font-size="10" font-style="bold" k="name" stroke="#000d21" stroke-width="2.0"/>
    </classgroup>
    <classgroup>
        <class id="147"/>
        <class id="147b"/>
        <line stroke="#2e052e" stroke-width="0.85"/>
    </classgroup>
    <classgroup>
        <class id="147" zoom-min="15"/>
        <class id="147b" zoom-min="15"/>
        <pathText fill="#ffffff" font-size="10" font-style="bold" k="name" stroke="#2e052e" stroke-width="2.0"/>
    </classgroup>
    <classgroup>
        <class id="149"/>
        <class id="149b"/>
        <line stroke="#2c3467" stroke-width="0.85"/>
    </classgroup>
    <classgroup>
        <class id="149" zoom-min="15"/>
        <class id="149b" zoom-min="15"/>
        <pathText fill="#ffffff" font-size="10" font-style="bold" k="name" stroke="#2c3467" stroke-width="2.0"/>
    </classgroup>
    <classgroup>
        <class id="151" zoom-min="14"/>
        <class id="151b" zoom-min="14"/>
        <line stroke="#000000" stroke-width="0.85"/>
    </classgroup>
    <classgroup>
        <class id="151" zoom-min="15"/>
        <class id="151b" zoom-min="15"/>
        <pathText fill="#ffffff" font-size="10" font-style="bold" k="name" stroke="#000000" stroke-width="2.0"/>
    </classgroup>
    <classgroup>
        <class id="153"/>
        <class id="153b"/>
        <line stroke="#2f2f2f" stroke-dasharray="28,18" stroke-linecap="butt" stroke-width="1.0"/>
    </classgroup>
    <classgroup>
        <class id="153" zoom-min="15"/>
        <class id="153b" zoom-min="15"/>
        <pathText fill="#ffffff" font-size="10" font-style="bold" k="name" stroke="#2f2f2f" stroke-width="2.0"/>
    </classgroup>
    <classgroup>
        <class id="155" zoom-min="14"/>
        <class id="155b" zoom-min="14"/>
        <line stroke="#2f2f2f" stroke-width="1.25"/>
    </classgroup>
    <classgroup>
        <class id="155" zoom-min="15"/>
        <class id="155b" zoom-min="15"/>
        <pathText fill="#ffffff" font-size="10" font-style="bold" k="name" stroke="#2f2f2f" stroke-width="2.0"/>
    </classgroup>
    <classgroup>
        <class id="157" zoom-min="14"/>
        <class id="157b" zoom-min="14"/>
        <line stroke="#1a1f3d" stroke-width="1.35"/>
    </classgroup>
    <classgroup>
        <class id="157" zoom-min="15"/>
        <class id="157b" zoom-min="15"/>
        <pathText fill="#ffffff" font-size="10" font-style="bold" k="name" stroke="#1a1f3d" stroke-width="2.0"/>
    </classgroup>
    <!--class id="158" zoom-min="13">
        <line stroke="#ffffff" stroke-width="1.35"/>
    </class-->
    <!--class id="158" zoom-min="17">
        <line stroke="#ffffff" stroke-width="1.35"/>
    </class>
    <class id="158" zoom-min="13" zoom-max="16">
        <line stroke="#ff7070" stroke-width="1.35"/>
    </class-->
    <classgroup>
        <class id="159" zoom-min="14"/>
        <class id="159b" zoom-min="14"/>
        <line stroke="#000000" stroke-width="1.35"/>
    </classgroup>
    <classgroup>
        <class id="159" zoom-min="15"/>
        <class id="159b" zoom-min="15"/>
        <pathText fill="#ffffff" font-size="10" font-style="bold" k="name" stroke="#000000" stroke-width="2.0"/>
    </classgroup>
    <classgroup>
        <class id="161"/>
        <class id="161b"/>
        <line stroke="#105255" stroke-width="1.35"/>
    </classgroup>
    <classgroup>
        <class id="161" zoom-min="15"/>
        <class id="161b" zoom-min="15"/>
        <pathText fill="#ffffff" font-size="10" font-style="bold" k="name" stroke="#105255" stroke-width="2.0"/>
    </classgroup>
    <classgroup>
        <class id="163"/>
        <class id="163b"/>
        <line stroke="#00006f" stroke-width="1.5"/>
    </classgroup>
    <classgroup>
        <class id="163" zoom-min="14"/>
        <class id="163b" zoom-min="14"/>
        <pathText fill="#ffffff" font-size="10" font-style="bold" k="name" stroke="#00006f" stroke-width="2.0"/>
    </classgroup>
    <classgroup>
        <class id="165"/>
        <class id="165b"/>
        <line stroke="#024090" stroke-width="1.5"/>
    </classgroup>
    <classgroup>
        <class id="165" zoom-min="14"/>
        <class id="165b" zoom-min="14"/>
        <pathText fill="#ffffff" font-size="10" font-style="bold" k="name" stroke="#024090" stroke-width="2.0"/>
    </classgroup>
    <classgroup>
        <class id="167"/>
        <class id="167b"/>
        <line stroke="#1b928e" stroke-width="1.5"/>
    </classgroup>
    <classgroup>
        <class id="167" zoom-min="14"/>
        <class id="167b" zoom-min="14"/>
        <pathText fill="#ffffff" font-size="10" font-style="bold" k="name" stroke="#1b928e" stroke-width="2.0"/>
    </classgroup>
    <classgroup>
        <class id="169"/>
        <class id="169b"/>
        <line stroke="#803680" stroke-width="1.5"/>
    </classgroup>
    <classgroup>
        <class id="169" zoom-min="14"/>
        <class id="169b" zoom-min="14"/>
        <pathText fill="#ffffff" font-size="10" font-style="bold" k="name" stroke="#803680" stroke-width="2.0"/>
    </classgroup>
    <classgroup>
        <class id="171"/>
        <class id="171b"/>
        <line stroke="#7f643f" stroke-width="1.5"/>
    </classgroup>
    <classgroup>
        <class id="171" zoom-min="14"/>
        <class id="171b" zoom-min="14"/>
        <pathText fill="#ffffff" font-size="10" font-style="bold" k="name" stroke="#7f643f" stroke-width="2.0"/>
    </classgroup>
    <classgroup>
        <class id="173"/>
        <class id="173b"/>
        <line stroke="#024090" stroke-width="1.5"/>
    </classgroup>
    <classgroup>
        <class id="173" zoom-min="14"/>
        <class id="173b" zoom-min="14"/>
        <pathText fill="#ffffff" font-size="10" font-style="bold" k="name" stroke="#024090" stroke-width="2.0"/>
    </classgroup>
    <classgroup>
        <class id="175"/>
        <class id="175b"/>
        <line stroke="#1b928e" stroke-width="1.5"/>
    </classgroup>
    <classgroup>
        <class id="175" zoom-min="14"/>
        <class id="175b" zoom-min="14"/>
        <pathText fill="#ffffff" font-size="10" font-style="bold" k="name" stroke="#1b928e" stroke-width="2.0"/>
    </classgroup>
    <classgroup>
        <class id="177"/>
        <class id="177b"/>
        <line stroke="#803680" stroke-width="1.5"/>
    </classgroup>
    <classgroup>
        <class id="177" zoom-min="14"/>
        <class id="177b" zoom-min="14"/>
        <pathText fill="#ffffff" font-size="10" font-style="bold" k="name" stroke="#803680" stroke-width="2.0"/>
    </classgroup>
    <classgroup>
        <class id="179"/>
        <class id="179b"/>
        <line stroke="#7f643f" stroke-width="1.7"/>
    </classgroup>
    <classgroup>
        <class id="179" zoom-min="14"/>
        <class id="179b" zoom-min="14"/>
        <pathText fill="#ffffff" font-size="10" font-style="bold" k="name" stroke="#7f643f" stroke-width="2.0"/>
    </classgroup>
    <!-- replaced by next rule -->
    <!--class id="182">
        <line stroke="#d4dcbd" stroke-linecap="square" stroke-width="4.5"/>
    </class-->
    <class id="101">
        <line stroke="#2b2342" stroke-linecap="square" stroke-width="4.5"/>
    </class>
    <!-- replaced by next rule -->
    <!--class id="183">
        <line stroke="#d4dcbd" stroke-linecap="butt" stroke-width="1.8"/>
    </class-->
    <class id="102">
        <line stroke="#2b2342" stroke-linecap="butt" stroke-width="1.8"/>
    </class>
    <class id="184">
        <line stroke="#2f2f2f" stroke-linecap="butt" stroke-width="0.4"/>
    </class>
    <class id="185">
        <line stroke="#1b1b1b" stroke-linecap="butt" stroke-width="0.3"/>
    </class>
    <class id="186">
        <area fill="#1b1b1b" stroke="#2f2f2f" stroke-width="0.05"/>
    </class>
    <class id="187">
        <line stroke="#ffffff" stroke-linecap="butt" stroke-width="0.1"/>
    </class>
    <class id="188">
        <line stroke="#777777" stroke-linecap="butt" stroke-width="0.1"/>
    </class>
    <class id="189">
        <line stroke="#8f8f8f" stroke-dasharray="15,10" stroke-linecap="butt" stroke-width="0.3"/>
    </class>
    <class id="190" zoom-min="16">
        <lineSymbol offset="10" repeat="true" repeat-distance="120" src="oneway.bvg" width="20"/>
    </class>
    <class id="191">
        <area fill="#55bf00bf" stroke="#55bf00bf" stroke-width="5.0"/>
    </class>
    <class id="192">
        <area fill="#55bfbf00" stroke="#55bfbf00" stroke-width="5.0"/>
    </class>
    <class id="193">
        <area fill="#5500bfbf" stroke="#5500bfbf" stroke-width="5.0"/>
    </class>
    <class id="194">
        <area fill="#55ffffff" stroke="#55ffffff" stroke-width="5.0"/>
    </class>
    <class id="195">
        <area fill="#55097ff5" stroke="#55097ff5" stroke-width="5.0"/>
    </class>
    <class id="196">
        <area fill="#550922f5" stroke="#550922f5" stroke-width="5.0"/>
    </class>
    <class id="197">
        <area fill="#55afafaf" stroke="#55afafaf" stroke-width="5.0"/>
    </class>
    <class id="199">
        <line stroke="#55bf00bf" stroke-width="5.0"/>
    </class>
    <class id="200">
        <line stroke="#55bfbf00" stroke-width="5.0"/>
    </class>
    <class id="201">
        <line stroke="#5500bfbf" stroke-width="5.0"/>
    </class>
    <class id="202">
        <line stroke="#55ffffff" stroke-width="5.0"/>
    </class>
    <class id="203">
        <line stroke="#55097ff5" stroke-width="5.0"/>
    </class>
    <class id="204">
        <line stroke="#550922f5" stroke-width="5.0"/>
    </class>
    <class id="205">
        <line stroke="#55afafaf" stroke-width="5.0"/>
    </class>
    <class id="206" zoom-min="14">
        <pathText fill="#ffffff" font-size="10" font-style="bold" k="name" stroke="#000000" stroke-width="2.0"/>
    </class>
    <class id="207">
        <line stroke="#325421" stroke-width="2.5"/>
    </class>
    <class id="208">
        <line stroke="#3fffff" stroke-dasharray="30,5" stroke-linecap="butt" stroke-width="1.0"/>
    </class>
    <class id="209">
        <line stroke="#dfdfdf" stroke-linecap="butt" stroke-width="0.4"/>
    </class>
    <class id="210">
        <line stroke="#dfdfdf" stroke-dasharray="2,200" stroke-linecap="butt" stroke-width="4.0"/>
    </class>
    <class id="214" zoom-min="14">
        <pathText fill="#9f9f9f" font-size="10" font-style="bold" k="name" stroke="#000000" stroke-width="2.0"/>
    </class>
    <class id="215">
        <area fill="#646486" stroke="#8f8f8f" stroke-width="0.3"/>
    </class>
    <class id="216">
        <line stroke="#ffffff" stroke-linecap="butt" stroke-width="0.4"/>
    </class>
    <class id="217">
        <line stroke="#ffffff" stroke-linecap="butt" stroke-width="0.6"/>
    </class>
    <class id="218">
        <line stroke="#ffffff" stroke-linecap="butt" stroke-width="0.8"/>
    </class>
    <class id="219">
        <line stroke="#194819" stroke-linecap="butt" stroke-width="0.25"/>
    </class>
    <class id="220">
        <line stroke="#b3f0b3" stroke-dasharray="12,18" stroke-linecap="butt" stroke-width="0.25"/>
    </class>
    <class id="221">
        <line stroke="#f0f0b3" stroke-linecap="butt" stroke-width="0.4"/>
    </class>
    <class id="222">
        <line stroke="#484819" stroke-dasharray="12,18" stroke-linecap="butt" stroke-width="0.25"/>
    </class>
    <class id="223">
        <line stroke="#f0b3f0" stroke-linecap="butt" stroke-width="0.4"/>
    </class>
    <class id="224">
        <line stroke="#481919" stroke-linecap="butt" stroke-width="0.25"/>
    </class>
    <class id="225">
        <line stroke="#f0b3f0" stroke-dasharray="12,18" stroke-linecap="butt" stroke-width="0.25"/>
    </class>
    <class id="226">
        <line stroke="#cccccc" stroke-linecap="butt" stroke-width="0.4"/>
    </class>
    <class id="227">
        <line stroke="#191919" stroke-linecap="butt" stroke-width="0.25"/>
    </class>
    <class id="228">
        <line stroke="#cccccc" stroke-dasharray="18,18" stroke-linecap="butt" stroke-width="0.25"/>
    </class>
    <class id="229">
        <line stroke="#cccccc" stroke-linecap="butt" stroke-width="0.55"/>
    </class>
    <class id="230">
        <line stroke="#191919" stroke-linecap="butt" stroke-width="0.4"/>
    </class>
    <class id="231">
        <line stroke="#cccccc" stroke-dasharray="15,15" stroke-linecap="butt" stroke-width="0.4"/>
    </class>
    <class id="232">
        <line stroke="#b106b4" stroke-dasharray="15, 5, 5, 5" stroke-width="0.25"/>
    </class>
    <class id="233">
        <line stroke="#06a8b4" stroke-dasharray="1, 5" stroke-width="0.1"/>
    </class>
    <class id="234">
        <line stroke="#06a8b4" stroke-dasharray="5, 25" stroke-width="0.1"/>
    </class>
    <class id="235">
        <line stroke="#06a8b4" stroke-dasharray="15, 15" stroke-width="0.1"/>
    </class>
    <class id="236">
        <line stroke="#06a8b4" stroke-dasharray="15, 5, 5, 5" stroke-width="0.1"/>
    </class>
    <class id="237">
        <line stroke="#06a8b4" stroke-width="0.1"/>
    </class>
    <class id="238">
        <line stroke="#06a8b4" stroke-dasharray="5, 5" stroke-width="0.25"/>
    </class>
    <class id="239">
        <line stroke="#06a8b4" stroke-dasharray="15, 15" stroke-width="0.25"/>
    </class>
    <class id="240">
        <line stroke="#06a8b4" stroke-dasharray="15, 5, 5, 5" stroke-width="0.25"/>
    </class>
    <class id="241">
        <line stroke="#06a8b4" stroke-width="0.25"/>
    </class>
    <class id="242">
        <line stroke="#800000ff" stroke-width="0.75"/>
    </class>
    <class id="243">
        <line stroke="#06a8b4" stroke-dasharray="15, 15" stroke-width="0.25"/>
    </class>
    <class id="244">
        <line stroke="#800000ff" stroke-width="1.75"/>
    </class>
    <class id="245">
        <line stroke="#06a8b4" stroke-dasharray="1,2.11, 15, 5.2, 5.2, 5.4545" stroke-width="0.25"/>
    </class>
    <class id="284" zoom-min="14">
        <circle fill="#000000" r="1.4" scale-radius="true"/>
    </class>
    <class id="281" zoom-min="16">
        <circle fill="#8f8f8f" r="1.5"/>
    </class>
    <class id="293" zoom-min="16">
        <symbol height="5" src="tree.bvg"/>
    </class>
    <classgroup>
        <class id="43" zoom-min="17"/>
        <class id="259" zoom-min="17"/>
        <symbol height="16" src="fountain.bvg"/>
    </classgroup>
    <class id="252" zoom-min="17">
        <symbol height="12" src="bench.bvg"/>
    </class>
    <class id="300" zoom-min="16">
        <symbol height="10" src="railway-crossing.bvg"/>
    </class>
    <class id="301" zoom-min="16">
        <symbol height="16" src="railway-crossing.bvg"/>
    </class>
    <class id="283" zoom-min="17">
        <symbol height="14" src="traffic_lights.bvg"/>
    </class>
    <class id="290" zoom-min="15">
        <symbol height="16" src="cave_entrance.bvg"/>
    </class>
</classes>
