<?xml version="1.0" encoding="UTF-8"?>
<classes map-background="#f8f8f8" map-overlay-gps-inner="#60004f4f" map-overlay-gps-outer="#004f4f" map-overlay-inner="#000000" map-overlay-outer="#eeeeee">
    <class id="sea">
        <area fill="#7de6ad"/>
    </class>
    <class id="lu-military">
        <area src="military.png" stroke="#e4e4e4" stroke-width="0.2"/>
    </class>
    <class id="lu-resifarm">
        <area fill="#e4e4e4"/>
    </class>
    <class id="lu-retail">
        <area fill="#ffe9ff" stroke="#e4e4e4" stroke-width="0.2"/>
    </class>
    <class id="lu-ibr">
        <area fill="#c8e3ff" stroke="#e4e4e4" stroke-width="0.2"/>
    </class>
    <class id="lu-comm">
        <area fill="#fffbfb" stroke="#e4e4e4" stroke-width="0.2"/>
    </class>
    <class id="lu-constr">
        <area fill="#c2668b" stroke="#e4e4e4" stroke-width="0.2"/>
    </class>
    <class id="lu-garages">
        <area fill="#c8dbdb"/>
    </class>
    <class id="tunnel-foot" zoom-min="14">
        <line stroke="#707070" stroke-dasharray="5,5" stroke-linecap="butt" stroke-width="0.6"/>
    </class>
    <class id="tunnel-track" zoom-min="14">
        <line stroke="#707070" stroke-dasharray="5,5" stroke-linecap="butt" stroke-width="1.0"/>
    </class>
    <class id="tunnel-cycle" zoom-min="14">
        <line stroke="#707070" stroke-dasharray="5,5" stroke-linecap="butt" stroke-width="1.0"/>
    </class>
    <class id="tunnel-constr">
        <line stroke="#707070" stroke-dasharray="5,5" stroke-linecap="butt" stroke-width="1.1"/>
    </class>
    <class id="tunnel-road">
        <line stroke="#707070" stroke-dasharray="5,5" stroke-linecap="butt" stroke-width="1.3"/>
    </class>
    <class id="tunnel-resi" zoom-min="14">
        <line stroke="#707070" stroke-dasharray="5,5" stroke-linecap="butt" stroke-width="1.5"/>
    </class>
    <class id="tunnel-big">
        <line stroke="#707070" stroke-dasharray="5,5" stroke-linecap="butt" stroke-width="1.8"/>
    </class>
    <class id="tunnel-motor">
        <line stroke="#707070" stroke-dasharray="5,5" stroke-linecap="butt" stroke-width="2.0"/>
    </class>
    <class id="tunnel-foot" zoom-min="14">
        <line stroke="#ffffff" stroke-dasharray="5,5" stroke-linecap="butt" stroke-width="0.45"/>
    </class>
    <class id="tunnel-track">
        <line stroke="#ffffff" stroke-dasharray="5,5" stroke-linecap="butt" stroke-width="0.7"/>
    </class>
    <class id="tunnel-cycle" zoom-min="14">
        <line stroke="#ffffff" stroke-dasharray="5,5" stroke-linecap="butt" stroke-width="0.85"/>
    </class>
    <class id="tunnel-constr">
        <line stroke="#ffffff" stroke-dasharray="5,5" stroke-linecap="butt" stroke-width="1.0"/>
    </class>
    <class id="tunnel-road">
        <line stroke="#ffffff" stroke-dasharray="5,5" stroke-linecap="butt" stroke-width="1.25"/>
    </class>
    <class id="tunnel-resi" zoom-min="14">
        <line stroke="#ffffff" stroke-dasharray="5,5" stroke-linecap="butt" stroke-width="1.35"/>
    </class>
    <class id="tunnel-big">
        <line stroke="#ffffff" stroke-dasharray="5,5" stroke-linecap="butt" stroke-width="1.5"/>
    </class>
    <class id="tunnel-motor">
        <line stroke="#ffffff" stroke-dasharray="5,5" stroke-linecap="butt" stroke-width="1.7"/>
    </class>
    <class id="24">
        <line stroke="#88051a1a" stroke-dasharray="4,4" stroke-linecap="butt" stroke-width="0.25"/>
    </class>
    <class id="25">
        <line stroke="#aa333333" stroke-dasharray="4,4" stroke-linecap="butt" stroke-width="0.4"/>
    </class>
    <class id="lu-landfill">
        <area fill="#f8d2d6" stroke="#88583c" stroke-width="0.2"/>
    </class>
    <class id="lu-cemetery">
        <area src="cemetery.png" stroke="#e4e4e4" stroke-width="0.2"/>
    </class>
    <class id="lu-field">
        <area fill="#f2ffd9" stroke="#edcf9b" stroke-width="0.1"/>
    </class>
    <class id="lu-allotments">
        <area fill="#d0e0b5" stroke="#cea765" stroke-width="0.2"/>
    </class>
    <class id="lu-reservoir">
        <area fill="#7de6ad"/>
    </class>
    <class id="le-park">
        <area fill="#f7e1c7" stroke="#99bb61" stroke-width="0.2"/>
    </class>
    <class id="forest-c">
        <area src="wood-coniferous.png"/>
    </class>
    <class id="forest-d">
        <area src="wood-deciduous.png"/>
    </class>
    <class id="forest-m">
        <area src="wood-mixed.png"/>
    </class>
    <class id="forest-o">
        <area fill="#99bb61" stroke="#99bb61" stroke-width="0.2"/>
    </class>
    <class id="37">
        <area fill="#a6b8dc" stroke="#f8d2d6" stroke-width="0.2"/>
    </class>
    <class id="38">
        <area src="cemetery.png" stroke="#e4e4e4" stroke-width="0.2"/>
    </class>
    <class id="39">
        <area fill="#fffbfb" stroke="#f8d2d6" stroke-width="0.2"/>
    </class>
    <class id="40" zoom-min="15">
        <area src="access-private.png"/>
    </class>
    <class id="42">
        <area fill="#7de6ad" stroke="#002323" stroke-width="0.15"/>
    </class>
    <class id="to-zoo">
        <area fill="#f7e1c7" stroke="#99bb61" stroke-width="0.2"/>
    </class>
    <class id="coastline">
        <line stroke="#638b76" stroke-width="2.0"/>
    </class>
    <class id="na-glacier">
        <area fill="#e9ffff" stroke="#9be0ac" stroke-width="0.8"/>
    </class>
    <class id="na-land">
        <area fill="#f8f8f8" stroke="#e0e0e0" stroke-width="0.1"/>
    </class>
    <class id="na-beach">
        <area fill="#f9c1cd"/>
    </class>
    <class id="na-heath">
        <area fill="#fffbfb" stroke="#fff8f8" stroke-width="0.2"/>
    </class>
    <class id="na-wet">
        <area src="marsh.png"/>
    </class>
    <class id="le-play-more">
        <area fill="#f7e1c7" stroke="#99bb61" stroke-width="0.2"/>
    </class>
    <class id="le-nature">
        <area src="nature-reserve.png" stroke="#99bb61" stroke-width="0.2"/>
    </class>
    <class id="le-stadium">
        <area fill="#d0e0b5" stroke="#99bb61" stroke-width="0.2"/>
    </class>
    <class id="le-track-area">
        <area fill="#d0e0b5" stroke="#99bb61" stroke-width="0.025"/>
    </class>
    <class id="le-track-noarea">
        <line stroke="#99bb61" stroke-width="0.75"/>
        <line stroke="#d0e0b5" stroke-width="0.7"/>
    </class>
    <class id="le-swimming">
        <area fill="#7de6ad" stroke="#008181" stroke-width="0.2"/>
    </class>
    <class id="ww-1">
        <line stroke="#b0b0b0" stroke-width="1.0"/>
    </class>
    <class id="ww-2">
        <line stroke="#b0b0b0" stroke-width="1.0"/>
    </class>
    <class id="ww-3">
        <line stroke="#7de6ad" stroke-width="0.1"/>
    </class>
    <class id="ww-4">
        <line stroke="#7de6ad" stroke-width="0.8"/>
    </class>
    <class id="ww-5">
        <line stroke="#7de6ad" stroke-width="0.8"/>
    </class>
    <class id="ww-6">
        <line stroke="#7de6ad" stroke-width="0.275"/>
    </class>
    <class id="ww-7">
        <line stroke="#7de6ad" stroke-width="1.0"/>
    </class>
    <class id="ww-8">
        <area fill="#7de6ad"/>
    </class>
    <class id="ww-9">
        <area fill="#7de6ad"/>
    </class>
    <class id="ww-10">
        <line stroke="#000e0e" stroke-width="0.375"/>
    </class>
    <class id="ww-11">
        <line stroke="#000000" stroke-width="0.5"/>
    </class>
    <class id="ww-12">
        <line stroke="#000000" stroke-linecap="butt" stroke-width="2.0"/>
    </class>
    <class id="ww-13">
        <line stroke="#f8f8f8" stroke-linecap="butt" stroke-width="1.5"/>
    </class>
    <class id="military">
        <area src="military.png" stroke="#e4e4e4" stroke-width="0.2"/>
    </class>
    <class id="sp-2">
        <area fill="#7de6ad" stroke="#008181" stroke-width="0.2"/>
    </class>
    <class id="sp-3">
        <area fill="#d77fbc" stroke="#bb5e9e" stroke-width="0.2"/>
    </class>
    <class id="to-attr">
        <area fill="#d9d2f4"/>
    </class>
    <class id="na-water">
        <area fill="#7de6ad"/>
    </class>
    <class id="88">
        <area fill="#efdadd" stroke="#707070" stroke-width="0.15"/>
    </class>
    <class id="89">
        <area fill="#efdadd" stroke="#707070" stroke-width="0.15"/>
    </class>
    <class id="90">
        <area fill="#d0d0d0" stroke="#d0d0d0" stroke-width="0.45"/>
    </class>
    <class id="91" zoom-min="14">
        <area fill="#ffffff" stroke="#707070" stroke-width="0.15"/>
    </class>
    <class id="92">
        <area fill="#ffffff" stroke="#707070" stroke-width="0.3"/>
    </class>
    <class id="93" zoom-min="14">
        <area fill="#ffffff" stroke="#707070" stroke-width="0.15"/>
    </class>
    <class id="94">
        <area fill="#d0d0d0"/>
    </class>
    <class id="95">
        <area fill="#ffffff" stroke="#ffffff" stroke-width="0.15"/>
    </class>
    <class id="96">
        <area fill="#ae9292"/>
    </class>
    <class id="97">
        <line stroke="#ae9292" stroke-width="0.3"/>
    </class>
    <class id="98">
        <area fill="#e1d9d5" stroke="#000000" stroke-width="0.5"/>
    </class>
    <class id="99">
        <area fill="#f0f0f0"/>
    </class>
    <class id="100">
        <area fill="#f7d1e3" stroke="#496774" stroke-width="0.2"/>
    </class>
    <class id="101">
        <line stroke="#000000" stroke-linecap="square" stroke-width="6.3"/>
    </class>
    <class id="102">
        <line stroke="#000000" stroke-linecap="butt" stroke-width="2.7"/>
    </class>
    <class id="104" zoom-min="14">
        <circle fill="#707070" r="1.5" scale-radius="true"/>
    </class>
    <class id="129" zoom-min="14">
        <line stroke="#707070" stroke-width="0.6"/>
    </class>
    <classgroup>
	<class id="131" zoom-min="14"/>
	<class id="133" zoom-min="14"/>
        <line stroke="#707070" stroke-dasharray="2,2" stroke-linecap="butt" stroke-width="0.6"/>
    </classgroup>
    <class id="135">
        <line stroke="#e782ab" stroke-width="1.0"/>
    </class>
    <class id="137">
        <line stroke="#e782ab" stroke-dasharray="18,9" stroke-linecap="butt" stroke-width="1.0"/>
    </class>
    <class id="139">
        <line stroke="#e782ab" stroke-dasharray="10,13" stroke-linecap="butt" stroke-width="1.0"/>
    </class>
    <class id="141">
        <line stroke="#e782ab" stroke-dasharray="5,10,3,10" stroke-linecap="butt" stroke-width="1.0"/>
    </class>
    <class id="143">
        <line stroke="#e782ab" stroke-dasharray="3,10" stroke-linecap="butt" stroke-width="1.0"/>
    </class>
    <class id="145">
        <line stroke="#e782ab" stroke-dasharray="18,2" stroke-linecap="butt" stroke-width="1.0"/>
    </class>
    <classgroup>
	<class id="147" zoom-min="14"/>
	<class id="149" zoom-min="14"/>
	<class id="151" zoom-min="14"/>
        <line stroke="#707070" stroke-width="1.0"/>
    </classgroup>
    <class id="161">
        <line stroke="#707070" stroke-dasharray="7,2" stroke-linecap="butt" stroke-width="1.5"/>
    </class>
    <classgroup>
	<class id="157" zoom-min="14"/>
	<class id="159" zoom-min="14"/>
        <line stroke="#707070" stroke-width="1.5"/>
    </classgroup>
    <classgroup>
	<class id="163" zoom-min="14"/>
	<class id="165" zoom-min="14"/>
	<class id="167" zoom-min="14"/>
	<class id="169" zoom-min="14"/>
	<class id="171" zoom-min="14"/>
	<class id="173" zoom-min="14"/>
	<class id="175" zoom-min="14"/>
	<class id="177" zoom-min="14"/>
        <line stroke="#707070" stroke-linecap="butt" stroke-width="1.8"/>
    </classgroup>
    <class id="179">
        <line stroke="#707070" stroke-linecap="butt" stroke-width="2.0"/>
    </class>
    <classgroup>
	<class id="129b" zoom-min="14"/>
	<class id="131b" zoom-min="14"/>
	<class id="133b" zoom-min="14"/>
        <line stroke="#000000" stroke-linecap="butt" stroke-width="0.7"/>
    </classgroup>
    <classgroup>
	<class id="135b" zoom-min="14"/>
	<class id="137b" zoom-min="14"/>
	<class id="139b" zoom-min="14"/>
	<class id="141b" zoom-min="14"/>
	<class id="143b" zoom-min="14"/>
	<class id="145b" zoom-min="14"/>
	<class id="147b" zoom-min="14"/>
	<class id="149b" zoom-min="14"/>
	<class id="151b" zoom-min="14"/>
        <line stroke="#000000" stroke-linecap="butt" stroke-width="1.1"/>
    </classgroup>
    <class id="153b">
        <line stroke="#000000" stroke-dasharray="28,18" stroke-linecap="butt" stroke-width="1.2"/>
    </class>
    <class id="155b" zoom-min="14">
        <line stroke="#000000" stroke-linecap="butt" stroke-width="1.4"/>
    </class>
    <classgroup>
	<class id="157b" zoom-min="14"/>
	<class id="159b" zoom-min="14"/>
	<class id="161b" zoom-min="14"/>
        <line stroke="#000000" stroke-linecap="butt" stroke-width="1.6"/>
    </classgroup>
    <classgroup>
	<class id="163b"/>
	<class id="165b"/>
	<class id="167b"/>
	<class id="169b"/>
	<class id="171b"/>
	<class id="173b"/>
	<class id="175b"/>
	<class id="177b"/>
        <line stroke="#000000" stroke-linecap="butt" stroke-width="1.9"/>
    </classgroup>
    <class id="179b">
        <line stroke="#000000" stroke-linecap="butt" stroke-width="2.1"/>
    </class>
    <class id="125" zoom-min="15">
        <area fill="#f7d1e3" stroke="#496774" stroke-width="0.2"/>
    </class>
    <classgroup>
        <class id="129" zoom-min="14"/>
        <class id="129b" zoom-min="14"/>
        <line stroke="#efdadd" stroke-dasharray="3,1" stroke-linecap="butt" stroke-width="0.45"/>
    </classgroup>
    <classgroup>
        <class id="129" zoom-min="15"/>
        <class id="129b" zoom-min="15"/>
        <pathText fill="#000000" font-size="10" font-style="bold" k="name" stroke="#efdadd" stroke-width="2.0"/>
    </classgroup>
    <classgroup>
        <class id="131" zoom-min="14"/>
        <class id="131b" zoom-min="14"/>
        <line stroke="#efdadd" stroke-width="0.45"/>
    </classgroup>
    <classgroup>
        <class id="131" zoom-min="15"/>
        <class id="131b" zoom-min="15"/>
        <pathText fill="#000000" font-size="10" font-style="bold" k="name" stroke="#efdadd" stroke-width="2.0"/>
    </classgroup>
    <classgroup>
        <class id="133" zoom-min="14"/>
        <class id="133b" zoom-min="14"/>
        <line stroke="#d0d0d0" stroke-width="0.45"/>
    </classgroup>
    <classgroup>
        <class id="133" zoom-min="15"/>
        <class id="133b" zoom-min="15"/>
        <pathText fill="#000000" font-size="10" font-style="bold" k="name" stroke="#d0d0d0" stroke-width="2.0"/>
    </classgroup>
    <classgroup>
        <class id="135" zoom-min="12"/>
        <class id="135b" zoom-min="12"/>
        <line stroke="#fff9fb" stroke-width="0.75"/>
    </classgroup>
    <classgroup>
        <class id="135" zoom-min="15"/>
        <class id="135b" zoom-min="15"/>
        <pathText fill="#000000" font-size="10" font-style="bold" k="name" stroke="#fff9fb" stroke-width="2.0"/>
    </classgroup>
    <classgroup>
        <class id="137" zoom-min="12"/>
        <class id="137b" zoom-min="12"/>
        <line stroke="#fff0f6" stroke-width="0.75"/>
    </classgroup>
    <classgroup>
        <class id="137" zoom-min="15"/>
        <class id="137b" zoom-min="15"/>
        <pathText fill="#000000" font-size="10" font-style="bold" k="name" stroke="#fff0f6" stroke-width="2.0"/>
    </classgroup>
    <classgroup>
        <class id="139" zoom-min="12"/>
        <class id="139b" zoom-min="12"/>
        <line stroke="#fff0f6" stroke-width="0.7"/>
    </classgroup>
    <classgroup>
        <class id="139" zoom-min="15"/>
        <class id="139b" zoom-min="15"/>
        <pathText fill="#000000" font-size="10" font-style="bold" k="name" stroke="#fff0f6" stroke-width="2.0"/>
    </classgroup>
    <classgroup>
        <class id="141" zoom-min="12"/>
        <class id="141b" zoom-min="12"/>
        <line stroke="#fff0f6" stroke-width="0.7"/>
    </classgroup>
    <classgroup>
        <class id="141" zoom-min="15"/>
        <class id="141b" zoom-min="15"/>
        <pathText fill="#000000" font-size="10" font-style="bold" k="name" stroke="#fff0f6" stroke-width="2.0"/>
    </classgroup>
    <classgroup>
        <class id="143" zoom-min="12"/>
        <class id="143b" zoom-min="12"/>
        <line stroke="#fff0f6" stroke-width="0.7"/>
    </classgroup>
    <classgroup>
        <class id="143" zoom-min="15"/>
        <class id="143b" zoom-min="15"/>
        <pathText fill="#000000" font-size="10" font-style="bold" k="name" stroke="#fff0f6" stroke-width="2.0"/>
    </classgroup>
    <classgroup>
        <class id="145" zoom-min="12"/>
        <class id="145b" zoom-min="12"/>
        <line stroke="#fff0f6" stroke-width="0.75"/>
    </classgroup>
    <classgroup>
        <class id="145" zoom-min="15"/>
        <class id="145b" zoom-min="15"/>
        <pathText fill="#000000" font-size="10" font-style="bold" k="name" stroke="#fff0f6" stroke-width="2.0"/>
    </classgroup>
    <classgroup>
        <class id="147"/>
        <class id="147b"/>
        <line stroke="#f4f495" stroke-width="0.85"/>
    </classgroup>
    <classgroup>
        <class id="147" zoom-min="15"/>
        <class id="147b" zoom-min="15"/>
        <pathText fill="#000000" font-size="10" font-style="bold" k="name" stroke="#f4f495" stroke-width="2.0"/>
    </classgroup>
    <classgroup>
        <class id="149"/>
        <class id="149b"/>
        <line stroke="#e5c1c6" stroke-width="0.85"/>
    </classgroup>
    <classgroup>
        <class id="149" zoom-min="15"/>
        <class id="149b" zoom-min="15"/>
        <pathText fill="#000000" font-size="10" font-style="bold" k="name" stroke="#e5c1c6" stroke-width="2.0"/>
    </classgroup>
    <classgroup>
        <class id="151" zoom-min="14"/>
        <class id="151b" zoom-min="14"/>
        <line stroke="#ffffff" stroke-width="0.85"/>
    </classgroup>
    <classgroup>
        <class id="151" zoom-min="15"/>
        <class id="151b" zoom-min="15"/>
        <pathText fill="#000000" font-size="10" font-style="bold" k="name" stroke="#ffffff" stroke-width="2.0"/>
    </classgroup>
    <classgroup>
        <class id="153"/>
        <class id="153b"/>
        <line stroke="#d0d0d0" stroke-dasharray="28,18" stroke-linecap="butt" stroke-width="1.0"/>
    </classgroup>
    <classgroup>
        <class id="153" zoom-min="15"/>
        <class id="153b" zoom-min="15"/>
        <pathText fill="#000000" font-size="10" font-style="bold" k="name" stroke="#d0d0d0" stroke-width="2.0"/>
    </classgroup>
    <classgroup>
        <class id="155" zoom-min="14"/>
        <class id="155b" zoom-min="14"/>
        <line stroke="#d0d0d0" stroke-width="1.25"/>
    </classgroup>
    <classgroup>
        <class id="155" zoom-min="15"/>
        <class id="155b" zoom-min="15"/>
        <pathText fill="#000000" font-size="10" font-style="bold" k="name" stroke="#d0d0d0" stroke-width="2.0"/>
    </classgroup>
    <classgroup>
        <class id="157" zoom-min="14"/>
        <class id="157b" zoom-min="14"/>
        <line stroke="#efdadd" stroke-width="1.35"/>
    </classgroup>
    <classgroup>
        <class id="157" zoom-min="15"/>
        <class id="157b" zoom-min="15"/>
        <pathText fill="#000000" font-size="10" font-style="bold" k="name" stroke="#efdadd" stroke-width="2.0"/>
    </classgroup>
    <!--class id="158" zoom-min="13">
        <line stroke="#ffffff" stroke-width="1.35"/>
    </class-->
    <!--class id="158" zoom-min="17">
        <line stroke="#ffffff" stroke-width="1.35"/>
    </class>
    <class id="158" zoom-min="13" zoom-max="16">
        <line stroke="#ff7070" stroke-width="1.35"/>
    </class-->
    <classgroup>
        <class id="159" zoom-min="14"/>
        <class id="159b" zoom-min="14"/>
        <line stroke="#ffffff" stroke-width="1.35"/>
    </classgroup>
    <classgroup>
        <class id="159" zoom-min="15"/>
        <class id="159b" zoom-min="15"/>
        <pathText fill="#000000" font-size="10" font-style="bold" k="name" stroke="#ffffff" stroke-width="2.0"/>
    </classgroup>
    <classgroup>
        <class id="161"/>
        <class id="161b"/>
        <line stroke="#eea6eb" stroke-width="1.35"/>
    </classgroup>
    <classgroup>
        <class id="161" zoom-min="15"/>
        <class id="161b" zoom-min="15"/>
        <pathText fill="#000000" font-size="10" font-style="bold" k="name" stroke="#eea6eb" stroke-width="2.0"/>
    </classgroup>
    <classgroup>
        <class id="163"/>
        <class id="163b"/>
        <line stroke="#fff8f8" stroke-width="1.5"/>
    </classgroup>
    <classgroup>
        <class id="163" zoom-min="14"/>
        <class id="163b" zoom-min="14"/>
        <pathText fill="#000000" font-size="10" font-style="bold" k="name" stroke="#fff8f8" stroke-width="2.0"/>
    </classgroup>
    <classgroup>
        <class id="165"/>
        <class id="165b"/>
        <line stroke="#feb7d6" stroke-width="1.5"/>
    </classgroup>
    <classgroup>
        <class id="165" zoom-min="14"/>
        <class id="165b" zoom-min="14"/>
        <pathText fill="#000000" font-size="10" font-style="bold" k="name" stroke="#feb7d6" stroke-width="2.0"/>
    </classgroup>
    <classgroup>
        <class id="167"/>
        <class id="167b"/>
        <line stroke="#dd61e2" stroke-width="1.5"/>
    </classgroup>
    <classgroup>
        <class id="167" zoom-min="14"/>
        <class id="167b" zoom-min="14"/>
        <pathText fill="#000000" font-size="10" font-style="bold" k="name" stroke="#dd61e2" stroke-width="2.0"/>
    </classgroup>
    <classgroup>
        <class id="169"/>
        <class id="169b"/>
        <line stroke="#bcbc5f" stroke-width="1.5"/>
    </classgroup>
    <classgroup>
        <class id="169" zoom-min="14"/>
        <class id="169b" zoom-min="14"/>
        <pathText fill="#000000" font-size="10" font-style="bold" k="name" stroke="#bcbc5f" stroke-width="2.0"/>
    </classgroup>
    <classgroup>
        <class id="171"/>
        <class id="171b"/>
        <line stroke="#54a885" stroke-width="1.5"/>
    </classgroup>
    <classgroup>
        <class id="171" zoom-min="14"/>
        <class id="171b" zoom-min="14"/>
        <pathText fill="#000000" font-size="10" font-style="bold" k="name" stroke="#54a885" stroke-width="2.0"/>
    </classgroup>
    <classgroup>
        <class id="173"/>
        <class id="173b"/>
        <line stroke="#feb7d6" stroke-width="1.5"/>
    </classgroup>
    <classgroup>
        <class id="173" zoom-min="14"/>
        <class id="173b" zoom-min="14"/>
        <pathText fill="#000000" font-size="10" font-style="bold" k="name" stroke="#feb7d6" stroke-width="2.0"/>
    </classgroup>
    <classgroup>
        <class id="175"/>
        <class id="175b"/>
        <line stroke="#dd61e2" stroke-width="1.5"/>
    </classgroup>
    <classgroup>
        <class id="175" zoom-min="14"/>
        <class id="175b" zoom-min="14"/>
        <pathText fill="#000000" font-size="10" font-style="bold" k="name" stroke="#dd61e2" stroke-width="2.0"/>
    </classgroup>
    <classgroup>
        <class id="177"/>
        <class id="177b"/>
        <line stroke="#bcbc5f" stroke-width="1.5"/>
    </classgroup>
    <classgroup>
        <class id="177" zoom-min="14"/>
        <class id="177b" zoom-min="14"/>
        <pathText fill="#000000" font-size="10" font-style="bold" k="name" stroke="#bcbc5f" stroke-width="2.0"/>
    </classgroup>
    <classgroup>
        <class id="179"/>
        <class id="179b"/>
        <line stroke="#54a885" stroke-width="1.7"/>
    </classgroup>
    <classgroup>
        <class id="179" zoom-min="14"/>
        <class id="179b" zoom-min="14"/>
        <pathText fill="#000000" font-size="10" font-style="bold" k="name" stroke="#54a885" stroke-width="2.0"/>
    </classgroup>
    <!-- replaced by next rule -->
    <!--class id="182">
        <line stroke="#d4dcbd" stroke-linecap="square" stroke-width="4.5"/>
    </class-->
    <class id="101">
        <line stroke="#e5d5cf" stroke-linecap="square" stroke-width="4.5"/>
    </class>
    <!-- replaced by next rule -->
    <!--class id="183">
        <line stroke="#d4dcbd" stroke-linecap="butt" stroke-width="1.8"/>
    </class-->
    <class id="102">
        <line stroke="#e5d5cf" stroke-linecap="butt" stroke-width="1.8"/>
    </class>
    <class id="184">
        <line stroke="#d0d0d0" stroke-linecap="butt" stroke-width="0.4"/>
    </class>
    <class id="185">
        <line stroke="#e4e4e4" stroke-linecap="butt" stroke-width="0.3"/>
    </class>
    <class id="186">
        <area fill="#e4e4e4" stroke="#d0d0d0" stroke-width="0.05"/>
    </class>
    <class id="187">
        <line stroke="#000000" stroke-linecap="butt" stroke-width="0.1"/>
    </class>
    <class id="188">
        <line stroke="#888888" stroke-linecap="butt" stroke-width="0.1"/>
    </class>
    <class id="189">
        <line stroke="#707070" stroke-dasharray="15,10" stroke-linecap="butt" stroke-width="0.3"/>
    </class>
    <class id="190" zoom-min="16">
        <lineSymbol offset="10" repeat="true" repeat-distance="120" src="oneway.bvg" width="20"/>
    </class>
    <class id="191">
        <area fill="#55e4e400" stroke="#55e4e400" stroke-width="5.0"/>
    </class>
    <class id="192">
        <area fill="#55006868" stroke="#55006868" stroke-width="5.0"/>
    </class>
    <class id="193">
        <area fill="#55f700f7" stroke="#55f700f7" stroke-width="5.0"/>
    </class>
    <class id="194">
        <area fill="#55000000" stroke="#55000000" stroke-width="5.0"/>
    </class>
    <class id="195">
        <area fill="#55fa71b6" stroke="#55fa71b6" stroke-width="5.0"/>
    </class>
    <class id="196">
        <area fill="#55fdd2d7" stroke="#55fdd2d7" stroke-width="5.0"/>
    </class>
    <class id="197">
        <area fill="#55505050" stroke="#55505050" stroke-width="5.0"/>
    </class>
    <class id="199">
        <line stroke="#55e4e400" stroke-width="5.0"/>
    </class>
    <class id="200">
        <line stroke="#55006868" stroke-width="5.0"/>
    </class>
    <class id="201">
        <line stroke="#55f700f7" stroke-width="5.0"/>
    </class>
    <class id="202">
        <line stroke="#55000000" stroke-width="5.0"/>
    </class>
    <class id="203">
        <line stroke="#55fa71b6" stroke-width="5.0"/>
    </class>
    <class id="204">
        <line stroke="#55fdd2d7" stroke-width="5.0"/>
    </class>
    <class id="205">
        <line stroke="#55505050" stroke-width="5.0"/>
    </class>
    <class id="206" zoom-min="14">
        <pathText fill="#000000" font-size="10" font-style="bold" k="name" stroke="#ffffff" stroke-width="2.0"/>
    </class>
    <class id="207">
        <line stroke="#a6b8dc" stroke-width="2.5"/>
    </class>
    <class id="208">
        <line stroke="#ac00ac" stroke-dasharray="30,5" stroke-linecap="butt" stroke-width="1.0"/>
    </class>
    <class id="209">
        <line stroke="#202020" stroke-linecap="butt" stroke-width="0.4"/>
    </class>
    <class id="210">
        <line stroke="#202020" stroke-dasharray="2,200" stroke-linecap="butt" stroke-width="4.0"/>
    </class>
    <class id="214" zoom-min="14">
        <pathText fill="#606060" font-size="10" font-style="bold" k="name" stroke="#ffffff" stroke-width="2.0"/>
    </class>
    <class id="215">
        <area fill="#ae9292" stroke="#707070" stroke-width="0.3"/>
    </class>
    <class id="216">
        <line stroke="#000000" stroke-linecap="butt" stroke-width="0.4"/>
    </class>
    <class id="217">
        <line stroke="#000000" stroke-linecap="butt" stroke-width="0.6"/>
    </class>
    <class id="218">
        <line stroke="#000000" stroke-linecap="butt" stroke-width="0.8"/>
    </class>
    <class id="219">
        <line stroke="#c3c3ea" stroke-linecap="butt" stroke-width="0.25"/>
    </class>
    <class id="220">
        <line stroke="#1a1a83" stroke-dasharray="12,18" stroke-linecap="butt" stroke-width="0.25"/>
    </class>
    <class id="221">
        <line stroke="#051a1a" stroke-linecap="butt" stroke-width="0.4"/>
    </class>
    <class id="222">
        <line stroke="#68cbcb" stroke-dasharray="12,18" stroke-linecap="butt" stroke-width="0.25"/>
    </class>
    <class id="223">
        <line stroke="#43430d" stroke-linecap="butt" stroke-width="0.4"/>
    </class>
    <class id="224">
        <line stroke="#bce8bc" stroke-linecap="butt" stroke-width="0.25"/>
    </class>
    <class id="225">
        <line stroke="#43430d" stroke-dasharray="12,18" stroke-linecap="butt" stroke-width="0.25"/>
    </class>
    <class id="226">
        <line stroke="#333333" stroke-linecap="butt" stroke-width="0.4"/>
    </class>
    <class id="227">
        <line stroke="#e6e6e6" stroke-linecap="butt" stroke-width="0.25"/>
    </class>
    <class id="228">
        <line stroke="#333333" stroke-dasharray="18,18" stroke-linecap="butt" stroke-width="0.25"/>
    </class>
    <class id="229">
        <line stroke="#333333" stroke-linecap="butt" stroke-width="0.55"/>
    </class>
    <class id="230">
        <line stroke="#e6e6e6" stroke-linecap="butt" stroke-width="0.4"/>
    </class>
    <class id="231">
        <line stroke="#333333" stroke-dasharray="15,15" stroke-linecap="butt" stroke-width="0.4"/>
    </class>
    <class id="232">
        <line stroke="#e3df08" stroke-dasharray="15, 5, 5, 5" stroke-width="0.25"/>
    </class>
    <class id="233">
        <line stroke="#f834eb" stroke-dasharray="1, 5" stroke-width="0.1"/>
    </class>
    <class id="234">
        <line stroke="#f834eb" stroke-dasharray="5, 25" stroke-width="0.1"/>
    </class>
    <class id="235">
        <line stroke="#f834eb" stroke-dasharray="15, 15" stroke-width="0.1"/>
    </class>
    <class id="236">
        <line stroke="#f834eb" stroke-dasharray="15, 5, 5, 5" stroke-width="0.1"/>
    </class>
    <class id="237">
        <line stroke="#f834eb" stroke-width="0.1"/>
    </class>
    <class id="238">
        <line stroke="#f834eb" stroke-dasharray="5, 5" stroke-width="0.25"/>
    </class>
    <class id="239">
        <line stroke="#f834eb" stroke-dasharray="15, 15" stroke-width="0.25"/>
    </class>
    <class id="240">
        <line stroke="#f834eb" stroke-dasharray="15, 5, 5, 5" stroke-width="0.25"/>
    </class>
    <class id="241">
        <line stroke="#f834eb" stroke-width="0.25"/>
    </class>
    <class id="242">
        <line stroke="#80fff6f6" stroke-width="0.75"/>
    </class>
    <class id="243">
        <line stroke="#f834eb" stroke-dasharray="15, 15" stroke-width="0.25"/>
    </class>
    <class id="244">
        <line stroke="#80fff6f6" stroke-width="1.75"/>
    </class>
    <class id="245">
        <line stroke="#f834eb" stroke-dasharray="1,2.11, 15, 5.2, 5.2, 5.4545" stroke-width="0.25"/>
    </class>
    <class id="284" zoom-min="14">
        <circle fill="#ffffff" r="1.4" scale-radius="true"/>
    </class>
    <class id="281" zoom-min="16">
        <circle fill="#707070" r="1.5"/>
    </class>
    <class id="293" zoom-min="16">
        <symbol height="5" src="tree.bvg"/>
    </class>
    <classgroup>
        <class id="43" zoom-min="17"/>
        <class id="259" zoom-min="17"/>
        <symbol height="16" src="fountain.bvg"/>
    </classgroup>
    <class id="252" zoom-min="17">
        <symbol height="12" src="bench.bvg"/>
    </class>
    <class id="300" zoom-min="16">
        <symbol height="10" src="railway-crossing.bvg"/>
    </class>
    <class id="301" zoom-min="16">
        <symbol height="16" src="railway-crossing.bvg"/>
    </class>
    <class id="283" zoom-min="17">
        <symbol height="14" src="traffic_lights.bvg"/>
    </class>
    <class id="290" zoom-min="15">
        <symbol height="16" src="cave_entrance.bvg"/>
    </class>
</classes>
