<?xml version="1.0" encoding="UTF-8"?>
<labelconfig>
	<colors>
		<color name="white" value="#ffffff"/>
		<color name="black" value="#000000"/>
		<color name="grey" value="#606060"/>
		<color name="red" value="#e500e5"/>
		<color name="green" value="#959800"/>
		<color name="blue" value="#006868"/>
	</colors>
	<labels>
		<!-- templates -->
		<label bg="white" font="sans serif" font-size="10" font-style="bold" id="base" stroke-width="2" type="plain"/>
		<label bg="white" fg="black" font="sans serif" font-style="bold" id="place" stroke-width="2" type="plain"/>

		<label fg="blue" id="base-blue" parent="base"/>
		<label id="icon-base" parent="base" type="icon"/>
		<label fg="blue" id="icon-blue" parent="icon-base"/>

		<label fg="blue" id="icon-only" parent="icon-base"/>

		<!-- places -->
		<label font-size="12" parent="place">
			<rule key="city" max="12" min="1"/>
		</label>
		<label font-size="11" parent="place">
			<rule max="13" min="10">
				<rule key="town"/>
				<rule key="village"/>
				<rule key="hamlet"/>
			</rule>
		</label>
		<label font-size="10" parent="place">
			<rule max="20" min="12">
				<rule key="borough"/>
				<rule key="suburb"/>
			</rule>
		</label>
		<label font-size="9" parent="place">
			<rule max="20" min="13">
				<rule key="quarter"/>
				<rule key="neighborhood"/>
			</rule>
		</label>
		<label font-size="11" parent="place">
			<rule max="15" min="10">
				<rule key="island"/>
			</rule>
		</label>
		<label font-size="9" parent="place">
			<rule max="20" min="13">
				<rule key="islet"/>
			</rule>
		</label>

		<!-- housenumbers -->
		<label fg="grey" parent="base">
			<rule key="housenumbers" max="24" min="17"/>
		</label>

		<!-- transport -->
		<label bg="white" dot-fg="red" fg="red" parent="base" radius="3" type="dot">
			<rule key="railwaystation" max="24" min="14"/>
		</label>
		<label bg="white" dot-fg="red" fg="red" parent="base" radius="3" type="dot">
			<rule key="railwayhalt" max="24" min="14"/>
		</label>
		<label bg="white" dot-fg="red" fg="red" parent="base" radius="2" type="dot">
			<rule key="tramstop" max="24" min="17"/>
		</label>
		<label fg="red" image="bus.bvg" parent="icon-base">
			<rule key="busstop" max="24" min="17"/>
		</label>
		<label fg="red" image="bus_station.bvg" parent="icon-base">
			<rule key="busstation" max="24" min="17"/>
		</label>

		<!-- amenities -->
		<label parent="base-blue">
			<rule key="museum" max="24" min="15"/>
		</label>
		<label parent="base-blue">
			<rule key="gallery" max="24" min="16"/>
		</label>

		<label image="restaurant.bvg" parent="icon-blue">
			<rule key="restaurant" max="24" min="16"/>
		</label>
		<label image="cafe.bvg" parent="icon-blue">
			<rule key="cafe" max="24" min="16"/>
		</label>
		<label image="bar.bvg" parent="icon-blue">
			<rule max="24" min="16">
				<rule key="pub"/>
				<rule key="bar"/>
			</rule>
		</label>
		<label image="fastfood.bvg" parent="icon-blue">
			<rule key="fastfood" max="24" min="16"/>
		</label>

		<label image="library.bvg" parent="icon-blue">
			<rule key="library" max="24" min="16"/>
		</label>

		<label image="theatre.bvg" parent="icon-blue">
			<rule key="theatre" max="24" min="16"/>
		</label>
		<label image="cinema2.bvg" parent="icon-blue">
			<rule key="cinema" max="24" min="16"/>
		</label>

		<label image="hotel.bvg" parent="icon-blue">
			<rule key="hotel" max="24" min="16"/>
		</label>
		<label image="hostel.bvg" parent="icon-blue">
			<rule key="hostel" max="24" min="16"/>
		</label>
		<label image="camping.bvg" parent="icon-blue">
			<rule key="campsite" max="24" min="16"/>
		</label>

		<label image="supermarket.bvg" parent="icon-blue">
			<rule key="supermarket" max="24" min="16"/>
		</label>

		<label image="florist2.bvg" parent="icon-blue">
			<rule key="florist" max="24" min="16"/>
		</label>

		<label image="playground.bvg" parent="icon-blue">
			<rule key="playground" max="24" min="16"/>
		</label>

		<label image="university.bvg" parent="icon-blue">
			<rule key="university" max="24" min="16"/>
		</label>
		<label image="school.bvg" parent="icon-blue">
			<rule key="school" max="24" min="16"/>
		</label>
		<label image="nursery.bvg" parent="icon-blue">
			<rule key="kindergarten" max="24" min="16"/>
		</label>

		<label image="christian.bvg" parent="icon-blue">
			<rule key="christian" max="24" min="16"/>
		</label>
		<label image="jewish.bvg" parent="icon-blue">
			<rule key="jewish" max="24" min="16"/>
		</label>
		<label image="islamic.bvg" parent="icon-blue">
			<rule key="muslim" max="24" min="16"/>
		</label>

		<label image="toilets.bvg" parent="icon-only">
			<rule key="toilets" max="24" min="17"/>
		</label>
		<label image="telephone.bvg" parent="icon-only">
			<rule key="telephone" max="24" min="17"/>
		</label>

		<label image="parking.bvg" parent="icon-only">
			<rule key="parking" max="24" min="17"/>
		</label>

		<label image="recycling.bvg" parent="icon-only">
			<rule key="recycling" max="24" min="17"/>
		</label>

		<label image="post_office.bvg" parent="icon-blue">
			<rule key="postoffice" max="24" min="16"/>
		</label>
		<label image="post_box.bvg" parent="icon-only">
			<rule key="post_box" max="24" min="17"/>
		</label>

		<label image="airport.bvg" parent="icon-blue">
			<rule key="airport" max="24" min="15"/>
		</label>
		<label image="helicopter.bvg" parent="icon-only">
			<rule key="helipad" max="24" min="16"/>
		</label>

		<label image="bank.bvg" parent="icon-blue">
			<rule key="bank" max="24" min="16"/>
		</label>

		<label image="atm2.bvg" parent="icon-blue">
			<rule key="atm" max="24" min="17"/>
		</label>

		<label image="bakery.bvg" parent="icon-blue">
			<rule key="bakery" max="24" min="16"/>
		</label>

		<label image="firestation.bvg" parent="icon-blue">
			<rule key="firestation" max="24" min="16"/>
		</label>
		<label image="fuel.bvg" parent="icon-blue">
			<rule key="fuelstation" max="24" min="16"/>
		</label>
		<label image="hospital.bvg" parent="icon-blue">
			<rule key="hospital" max="24" min="16"/>
		</label>
		<label image="information.bvg" parent="icon-blue">
			<rule key="information" max="24" min="16"/>
		</label>
		<label image="pharmacy.bvg" parent="icon-blue">
			<rule key="pharmacy" max="24" min="16"/>
		</label>
		<label image="shelter2.bvg" parent="icon-blue">
			<rule key="shelter" max="24" min="16"/>
		</label>
		<label image="view_point.bvg" parent="icon-blue">
			<rule key="viewpoint" max="24" min="16"/>
		</label>
		<label image="rental_bicycle.bvg" parent="icon-blue">
			<rule key="bikerental" max="24" min="16"/>
		</label>

		<label fg="black" image="peak.bvg" parent="icon-base">
			<rule key="peak" max="24" min="16"/>
		</label>
		<label fg="black" image="volcano.bvg" parent="icon-base">
			<rule key="volcano" max="24" min="16"/>
		</label>


		<!-- other -->
		<label parent="base-blue">
			<rule key="*" max="24" min="17"/>
		</label>
	</labels>
</labelconfig>
